INSERT INTO "PERSDB"."PUBLIC"."ITEM" (ITEM_PK,NR) VALUES (1,'0348524880');
INSERT INTO "PERSDB"."PUBLIC"."ITEM" (ITEM_PK,NR) VALUES (2,'0056287272');
INSERT INTO "PERSDB"."PUBLIC"."ITEM" (ITEM_PK,NR) VALUES (3,'0354635246');
INSERT INTO "PERSDB"."PUBLIC"."ITEM" (ITEM_PK,NR) VALUES (4,'0434322263');
INSERT INTO "PERSDB"."PUBLIC"."ITEM" (ITEM_PK,NR) VALUES (5,'0135762799');
INSERT INTO "PERSDB"."PUBLIC"."ITEM" (ITEM_PK,NR) VALUES (6,'0181061474');
INSERT INTO "PERSDB"."PUBLIC"."ITEM" (ITEM_PK,NR) VALUES (7,'0078914443');
INSERT INTO "PERSDB"."PUBLIC"."ITEM" (ITEM_PK,NR) VALUES (8,'0301953322');
INSERT INTO "PERSDB"."PUBLIC"."ITEM" (ITEM_PK,NR) VALUES (9,'0546868438');
INSERT INTO "PERSDB"."PUBLIC"."ITEM" (ITEM_PK,NR) VALUES (10,'0712171103');
INSERT INTO "PERSDB"."PUBLIC"."ITEM" (ITEM_PK,NR) VALUES (11,'0237731048');
INSERT INTO "PERSDB"."PUBLIC"."ITEM" (ITEM_PK,NR) VALUES (12,'0721983782');
INSERT INTO "PERSDB"."PUBLIC"."ITEM" (ITEM_PK,NR) VALUES (13,'0355209153');
INSERT INTO "PERSDB"."PUBLIC"."ITEM" (ITEM_PK,NR) VALUES (14,'0945509669');
INSERT INTO "PERSDB"."PUBLIC"."ITEM" (ITEM_PK,NR) VALUES (15,'0231386076');
INSERT INTO "PERSDB"."PUBLIC"."ITEM" (ITEM_PK,NR) VALUES (16,'0347543341');
INSERT INTO "PERSDB"."PUBLIC"."ITEM" (ITEM_PK,NR) VALUES (17,'0341887612');
INSERT INTO "PERSDB"."PUBLIC"."ITEM" (ITEM_PK,NR) VALUES (18,'0022953826');
INSERT INTO "PERSDB"."PUBLIC"."ITEM" (ITEM_PK,NR) VALUES (19,'0624093146');
INSERT INTO "PERSDB"."PUBLIC"."ITEM" (ITEM_PK,NR) VALUES (20,'0474847554');
INSERT INTO "PERSDB"."PUBLIC"."ITEM" (ITEM_PK,NR) VALUES (21,'0705310654');
INSERT INTO "PERSDB"."PUBLIC"."ITEM" (ITEM_PK,NR) VALUES (22,'0314104780');
INSERT INTO "PERSDB"."PUBLIC"."ITEM" (ITEM_PK,NR) VALUES (23,'0307270103');
INSERT INTO "PERSDB"."PUBLIC"."ITEM" (ITEM_PK,NR) VALUES (24,'0055887822');
INSERT INTO "PERSDB"."PUBLIC"."ITEM" (ITEM_PK,NR) VALUES (25,'0931943358');
INSERT INTO "PERSDB"."PUBLIC"."ITEM" (ITEM_PK,NR) VALUES (26,'0558874236');
INSERT INTO "PERSDB"."PUBLIC"."ITEM" (ITEM_PK,NR) VALUES (27,'0990596081');
INSERT INTO "PERSDB"."PUBLIC"."ITEM" (ITEM_PK,NR) VALUES (28,'0690565192');
INSERT INTO "PERSDB"."PUBLIC"."ITEM" (ITEM_PK,NR) VALUES (29,'0496237368');
INSERT INTO "PERSDB"."PUBLIC"."ITEM" (ITEM_PK,NR) VALUES (30,'0736802782');
INSERT INTO "PERSDB"."PUBLIC"."ITEM" (ITEM_PK,NR) VALUES (31,'0158777814');
INSERT INTO "PERSDB"."PUBLIC"."ITEM" (ITEM_PK,NR) VALUES (32,'0820082109');
INSERT INTO "PERSDB"."PUBLIC"."ITEM" (ITEM_PK,NR) VALUES (33,'0534099587');
INSERT INTO "PERSDB"."PUBLIC"."ITEM" (ITEM_PK,NR) VALUES (34,'0916288622');
INSERT INTO "PERSDB"."PUBLIC"."ITEM" (ITEM_PK,NR) VALUES (35,'0123976100');
INSERT INTO "PERSDB"."PUBLIC"."ITEM" (ITEM_PK,NR) VALUES (36,'0972963425');
INSERT INTO "PERSDB"."PUBLIC"."ITEM" (ITEM_PK,NR) VALUES (37,'0936982920');
INSERT INTO "PERSDB"."PUBLIC"."ITEM" (ITEM_PK,NR) VALUES (38,'0404474623');
INSERT INTO "PERSDB"."PUBLIC"."ITEM" (ITEM_PK,NR) VALUES (39,'0938728701');
INSERT INTO "PERSDB"."PUBLIC"."ITEM" (ITEM_PK,NR) VALUES (40,'0986471808');
INSERT INTO "PERSDB"."PUBLIC"."ITEM" (ITEM_PK,NR) VALUES (41,'0024346872');
INSERT INTO "PERSDB"."PUBLIC"."ITEM" (ITEM_PK,NR) VALUES (42,'0896386995');
INSERT INTO "PERSDB"."PUBLIC"."ITEM" (ITEM_PK,NR) VALUES (43,'0776243625');
INSERT INTO "PERSDB"."PUBLIC"."ITEM" (ITEM_PK,NR) VALUES (44,'0789866331');
INSERT INTO "PERSDB"."PUBLIC"."ITEM" (ITEM_PK,NR) VALUES (45,'0283338983');
INSERT INTO "PERSDB"."PUBLIC"."ITEM" (ITEM_PK,NR) VALUES (46,'0351097506');
INSERT INTO "PERSDB"."PUBLIC"."ITEM" (ITEM_PK,NR) VALUES (47,'0743213292');
INSERT INTO "PERSDB"."PUBLIC"."ITEM" (ITEM_PK,NR) VALUES (48,'0313460478');
INSERT INTO "PERSDB"."PUBLIC"."ITEM" (ITEM_PK,NR) VALUES (49,'0095028395');
INSERT INTO "PERSDB"."PUBLIC"."ITEM" (ITEM_PK,NR) VALUES (50,'0061288203');
INSERT INTO "PERSDB"."PUBLIC"."ITEM" (ITEM_PK,NR) VALUES (51,'0589381688');
INSERT INTO "PERSDB"."PUBLIC"."ITEM" (ITEM_PK,NR) VALUES (52,'0657753142');
INSERT INTO "PERSDB"."PUBLIC"."ITEM" (ITEM_PK,NR) VALUES (53,'0341973341');
INSERT INTO "PERSDB"."PUBLIC"."ITEM" (ITEM_PK,NR) VALUES (54,'0830753068');
INSERT INTO "PERSDB"."PUBLIC"."ITEM" (ITEM_PK,NR) VALUES (55,'0615143591');
INSERT INTO "PERSDB"."PUBLIC"."ITEM" (ITEM_PK,NR) VALUES (56,'0918076386');
INSERT INTO "PERSDB"."PUBLIC"."ITEM" (ITEM_PK,NR) VALUES (57,'0390654743');
INSERT INTO "PERSDB"."PUBLIC"."ITEM" (ITEM_PK,NR) VALUES (58,'0506594021');
INSERT INTO "PERSDB"."PUBLIC"."ITEM" (ITEM_PK,NR) VALUES (59,'0625799834');
INSERT INTO "PERSDB"."PUBLIC"."ITEM" (ITEM_PK,NR) VALUES (60,'0370663845');
INSERT INTO "PERSDB"."PUBLIC"."ITEM" (ITEM_PK,NR) VALUES (61,'0098087881');
INSERT INTO "PERSDB"."PUBLIC"."ITEM" (ITEM_PK,NR) VALUES (62,'0164487721');
INSERT INTO "PERSDB"."PUBLIC"."ITEM" (ITEM_PK,NR) VALUES (63,'0278149983');
INSERT INTO "PERSDB"."PUBLIC"."ITEM" (ITEM_PK,NR) VALUES (64,'0473761912');
INSERT INTO "PERSDB"."PUBLIC"."ITEM" (ITEM_PK,NR) VALUES (65,'0453022072');
INSERT INTO "PERSDB"."PUBLIC"."ITEM" (ITEM_PK,NR) VALUES (66,'0077541936');
INSERT INTO "PERSDB"."PUBLIC"."ITEM" (ITEM_PK,NR) VALUES (67,'0841938151');
INSERT INTO "PERSDB"."PUBLIC"."ITEM" (ITEM_PK,NR) VALUES (68,'0906115003');
INSERT INTO "PERSDB"."PUBLIC"."ITEM" (ITEM_PK,NR) VALUES (69,'0015167582');
INSERT INTO "PERSDB"."PUBLIC"."ITEM" (ITEM_PK,NR) VALUES (70,'0267753334');
INSERT INTO "PERSDB"."PUBLIC"."ITEM" (ITEM_PK,NR) VALUES (71,'0476900703');
INSERT INTO "PERSDB"."PUBLIC"."ITEM" (ITEM_PK,NR) VALUES (72,'0754693188');
INSERT INTO "PERSDB"."PUBLIC"."ITEM" (ITEM_PK,NR) VALUES (73,'0735587753');
INSERT INTO "PERSDB"."PUBLIC"."ITEM" (ITEM_PK,NR) VALUES (74,'0565180993');
INSERT INTO "PERSDB"."PUBLIC"."ITEM" (ITEM_PK,NR) VALUES (75,'0126925162');
INSERT INTO "PERSDB"."PUBLIC"."ITEM" (ITEM_PK,NR) VALUES (76,'0262103477');
INSERT INTO "PERSDB"."PUBLIC"."ITEM" (ITEM_PK,NR) VALUES (77,'0916853187');
INSERT INTO "PERSDB"."PUBLIC"."ITEM" (ITEM_PK,NR) VALUES (78,'0095374229');
INSERT INTO "PERSDB"."PUBLIC"."ITEM" (ITEM_PK,NR) VALUES (79,'0390735921');
INSERT INTO "PERSDB"."PUBLIC"."ITEM" (ITEM_PK,NR) VALUES (80,'0335459775');
INSERT INTO "PERSDB"."PUBLIC"."ITEM" (ITEM_PK,NR) VALUES (81,'0743799434');
INSERT INTO "PERSDB"."PUBLIC"."ITEM" (ITEM_PK,NR) VALUES (82,'0155336051');
INSERT INTO "PERSDB"."PUBLIC"."ITEM" (ITEM_PK,NR) VALUES (83,'0361098495');
INSERT INTO "PERSDB"."PUBLIC"."ITEM" (ITEM_PK,NR) VALUES (84,'0445637074');
INSERT INTO "PERSDB"."PUBLIC"."ITEM" (ITEM_PK,NR) VALUES (85,'0997782392');
INSERT INTO "PERSDB"."PUBLIC"."ITEM" (ITEM_PK,NR) VALUES (86,'0137455102');
INSERT INTO "PERSDB"."PUBLIC"."ITEM" (ITEM_PK,NR) VALUES (87,'0994338939');
INSERT INTO "PERSDB"."PUBLIC"."ITEM" (ITEM_PK,NR) VALUES (88,'0840105975');
INSERT INTO "PERSDB"."PUBLIC"."ITEM" (ITEM_PK,NR) VALUES (89,'0977870390');
INSERT INTO "PERSDB"."PUBLIC"."ITEM" (ITEM_PK,NR) VALUES (90,'0764883231');
INSERT INTO "PERSDB"."PUBLIC"."ITEM" (ITEM_PK,NR) VALUES (91,'0941832757');
INSERT INTO "PERSDB"."PUBLIC"."ITEM" (ITEM_PK,NR) VALUES (92,'0055478684');
INSERT INTO "PERSDB"."PUBLIC"."ITEM" (ITEM_PK,NR) VALUES (93,'0802354403');
INSERT INTO "PERSDB"."PUBLIC"."ITEM" (ITEM_PK,NR) VALUES (94,'0841150045');
INSERT INTO "PERSDB"."PUBLIC"."ITEM" (ITEM_PK,NR) VALUES (95,'0257991196');
INSERT INTO "PERSDB"."PUBLIC"."ITEM" (ITEM_PK,NR) VALUES (96,'0562790352');
INSERT INTO "PERSDB"."PUBLIC"."ITEM" (ITEM_PK,NR) VALUES (97,'0629367285');
INSERT INTO "PERSDB"."PUBLIC"."ITEM" (ITEM_PK,NR) VALUES (98,'0743692035');
INSERT INTO "PERSDB"."PUBLIC"."ITEM" (ITEM_PK,NR) VALUES (99,'0087829491');
INSERT INTO "PERSDB"."PUBLIC"."ITEM" (ITEM_PK,NR) VALUES (100,'0560712457');
INSERT INTO "PERSDB"."PUBLIC"."ADRESSE" (ADR_PK,ORT,PLZ) VALUES (1,'Montbliart','80576-823');
INSERT INTO "PERSDB"."PUBLIC"."ADRESSE" (ADR_PK,ORT,PLZ) VALUES (2,'Warren','3930');
INSERT INTO "PERSDB"."PUBLIC"."ADRESSE" (ADR_PK,ORT,PLZ) VALUES (3,'Stirling','V9B 5M0');
INSERT INTO "PERSDB"."PUBLIC"."ADRESSE" (ADR_PK,ORT,PLZ) VALUES (4,'Darlington','3659');
INSERT INTO "PERSDB"."PUBLIC"."ADRESSE" (ADR_PK,ORT,PLZ) VALUES (5,'Cape Breton Island','54679');
INSERT INTO "PERSDB"."PUBLIC"."ADRESSE" (ADR_PK,ORT,PLZ) VALUES (6,'Haguenau','22647-111');
INSERT INTO "PERSDB"."PUBLIC"."ADRESSE" (ADR_PK,ORT,PLZ) VALUES (7,'Columbia','6679LY');
INSERT INTO "PERSDB"."PUBLIC"."ADRESSE" (ADR_PK,ORT,PLZ) VALUES (8,'Los Angeles','R1M 7R0');
INSERT INTO "PERSDB"."PUBLIC"."ADRESSE" (ADR_PK,ORT,PLZ) VALUES (9,'Baie-Comeau','9729NW');
INSERT INTO "PERSDB"."PUBLIC"."ADRESSE" (ADR_PK,ORT,PLZ) VALUES (10,'Tuscaloosa','67485');
INSERT INTO "PERSDB"."PUBLIC"."ADRESSE" (ADR_PK,ORT,PLZ) VALUES (11,'Chesterfield','95784');
INSERT INTO "PERSDB"."PUBLIC"."ADRESSE" (ADR_PK,ORT,PLZ) VALUES (12,'Huntsville','0062');
INSERT INTO "PERSDB"."PUBLIC"."ADRESSE" (ADR_PK,ORT,PLZ) VALUES (13,'South Bend','21312');
INSERT INTO "PERSDB"."PUBLIC"."ADRESSE" (ADR_PK,ORT,PLZ) VALUES (14,'Guirsch','0129');
INSERT INTO "PERSDB"."PUBLIC"."ADRESSE" (ADR_PK,ORT,PLZ) VALUES (15,'Pugwash','1327');
INSERT INTO "PERSDB"."PUBLIC"."ADRESSE" (ADR_PK,ORT,PLZ) VALUES (16,'Champorcher','2214');
INSERT INTO "PERSDB"."PUBLIC"."ADRESSE" (ADR_PK,ORT,PLZ) VALUES (17,'Preore','9109AL');
INSERT INTO "PERSDB"."PUBLIC"."ADRESSE" (ADR_PK,ORT,PLZ) VALUES (18,'Carunchio','8395');
INSERT INTO "PERSDB"."PUBLIC"."ADRESSE" (ADR_PK,ORT,PLZ) VALUES (19,'Monstreux','1290');
INSERT INTO "PERSDB"."PUBLIC"."ADRESSE" (ADR_PK,ORT,PLZ) VALUES (20,'Pagazzano','7456FP');
INSERT INTO "PERSDB"."PUBLIC"."ADRESSE" (ADR_PK,ORT,PLZ) VALUES (21,'Hard','5408');
INSERT INTO "PERSDB"."PUBLIC"."ADRESSE" (ADR_PK,ORT,PLZ) VALUES (22,'Squillace','21757');
INSERT INTO "PERSDB"."PUBLIC"."ADRESSE" (ADR_PK,ORT,PLZ) VALUES (23,'Spiere-Helkijn','38663');
INSERT INTO "PERSDB"."PUBLIC"."ADRESSE" (ADR_PK,ORT,PLZ) VALUES (24,'Abergele','71012');
INSERT INTO "PERSDB"."PUBLIC"."ADRESSE" (ADR_PK,ORT,PLZ) VALUES (25,'Rocca di Cambio','2400');
INSERT INTO "PERSDB"."PUBLIC"."ADRESSE" (ADR_PK,ORT,PLZ) VALUES (26,'Penzance','45284');
INSERT INTO "PERSDB"."PUBLIC"."ADRESSE" (ADR_PK,ORT,PLZ) VALUES (27,'Caucaia','6204');
INSERT INTO "PERSDB"."PUBLIC"."ADRESSE" (ADR_PK,ORT,PLZ) VALUES (28,'San Mauro Marchesato','08375');
INSERT INTO "PERSDB"."PUBLIC"."ADRESSE" (ADR_PK,ORT,PLZ) VALUES (29,'Milmort','7019');
INSERT INTO "PERSDB"."PUBLIC"."ADRESSE" (ADR_PK,ORT,PLZ) VALUES (30,'St. David','6680');
INSERT INTO "PERSDB"."PUBLIC"."PERSON" (PERS_PK,NAME,VORNAME,EMAIL,ADR_FK) VALUES (1,'Barnett','Donovan','nibh@diam.net',27);
INSERT INTO "PERSDB"."PUBLIC"."PERSON" (PERS_PK,NAME,VORNAME,EMAIL,ADR_FK) VALUES (2,'Casey','Whilemina','luctus@adipiscinglacus.net',2);
INSERT INTO "PERSDB"."PUBLIC"."PERSON" (PERS_PK,NAME,VORNAME,EMAIL,ADR_FK) VALUES (3,'Whitfield','Wang','arcu.Sed.et@Nulla.co.uk',27);
INSERT INTO "PERSDB"."PUBLIC"."PERSON" (PERS_PK,NAME,VORNAME,EMAIL,ADR_FK) VALUES (4,'Bernard','Naida','non@nulla.com',14);
INSERT INTO "PERSDB"."PUBLIC"."PERSON" (PERS_PK,NAME,VORNAME,EMAIL,ADR_FK) VALUES (5,'Mcgowan','Fallon','Nunc.mauris@Nunccommodoauctor.com',20);
INSERT INTO "PERSDB"."PUBLIC"."PERSON" (PERS_PK,NAME,VORNAME,EMAIL,ADR_FK) VALUES (6,'Strickland','Alan','lacinia.orci.consectetuer@dolorsitamet.ca',26);
INSERT INTO "PERSDB"."PUBLIC"."PERSON" (PERS_PK,NAME,VORNAME,EMAIL,ADR_FK) VALUES (7,'Waller','Elijah','lobortis@Fusce.com',10);
INSERT INTO "PERSDB"."PUBLIC"."PERSON" (PERS_PK,NAME,VORNAME,EMAIL,ADR_FK) VALUES (8,'Sandoval','Orlando','Mauris.quis.turpis@Suspendisse.org',24);
INSERT INTO "PERSDB"."PUBLIC"."PERSON" (PERS_PK,NAME,VORNAME,EMAIL,ADR_FK) VALUES (9,'Mitchell','Sybill','a@ac.co.uk',6);
INSERT INTO "PERSDB"."PUBLIC"."PERSON" (PERS_PK,NAME,VORNAME,EMAIL,ADR_FK) VALUES (10,'West','Evangeline','aliquam@Fuscefermentumfermentum.edu',29);
INSERT INTO "PERSDB"."PUBLIC"."PERSON" (PERS_PK,NAME,VORNAME,EMAIL,ADR_FK) VALUES (11,'Chaney','Noelle','nec.ante@orci.net',8);
INSERT INTO "PERSDB"."PUBLIC"."PERSON" (PERS_PK,NAME,VORNAME,EMAIL,ADR_FK) VALUES (12,'Christian','Brielle','tempor@sedleoCras.net',14);
INSERT INTO "PERSDB"."PUBLIC"."PERSON" (PERS_PK,NAME,VORNAME,EMAIL,ADR_FK) VALUES (13,'Cooper','Xena','tristique.aliquet@Nuncullamcorper.co.uk',6);
INSERT INTO "PERSDB"."PUBLIC"."PERSON" (PERS_PK,NAME,VORNAME,EMAIL,ADR_FK) VALUES (14,'Hood','Rashad','tristique.pharetra.Quisque@loremsitamet.co.uk',18);
INSERT INTO "PERSDB"."PUBLIC"."PERSON" (PERS_PK,NAME,VORNAME,EMAIL,ADR_FK) VALUES (15,'Carter','Yasir','a.feugiat.tellus@Suspendisse.org',15);
INSERT INTO "PERSDB"."PUBLIC"."PERSON" (PERS_PK,NAME,VORNAME,EMAIL,ADR_FK) VALUES (16,'Thompson','Clark','urna@Duisac.net',18);
INSERT INTO "PERSDB"."PUBLIC"."PERSON" (PERS_PK,NAME,VORNAME,EMAIL,ADR_FK) VALUES (17,'Le','Doris','vitae.semper@blanditNamnulla.edu',14);
INSERT INTO "PERSDB"."PUBLIC"."PERSON" (PERS_PK,NAME,VORNAME,EMAIL,ADR_FK) VALUES (18,'Casey','Kenneth','nulla.Donec@sitamet.ca',27);
INSERT INTO "PERSDB"."PUBLIC"."PERSON" (PERS_PK,NAME,VORNAME,EMAIL,ADR_FK) VALUES (19,'Davidson','Todd','Suspendisse@consequatauctornunc.com',19);
INSERT INTO "PERSDB"."PUBLIC"."PERSON" (PERS_PK,NAME,VORNAME,EMAIL,ADR_FK) VALUES (20,'Sykes','Fritz','amet.orci@pellentesque.ca',8);
INSERT INTO "PERSDB"."PUBLIC"."PERSON" (PERS_PK,NAME,VORNAME,EMAIL,ADR_FK) VALUES (21,'Oneal','Dorian','non@ac.com',13);
INSERT INTO "PERSDB"."PUBLIC"."PERSON" (PERS_PK,NAME,VORNAME,EMAIL,ADR_FK) VALUES (22,'Monroe','Walker','nec.euismod.in@sollicitudin.com',17);
INSERT INTO "PERSDB"."PUBLIC"."PERSON" (PERS_PK,NAME,VORNAME,EMAIL,ADR_FK) VALUES (23,'Leon','Isaac','diam.Proin@necmalesuada.co.uk',19);
INSERT INTO "PERSDB"."PUBLIC"."PERSON" (PERS_PK,NAME,VORNAME,EMAIL,ADR_FK) VALUES (24,'Wilson','Aaron','congue.turpis.In@Nullamfeugiatplacerat.co.uk',24);
INSERT INTO "PERSDB"."PUBLIC"."PERSON" (PERS_PK,NAME,VORNAME,EMAIL,ADR_FK) VALUES (25,'Stephenson','Nolan','pede@eunulla.edu',14);
INSERT INTO "PERSDB"."PUBLIC"."PERSON" (PERS_PK,NAME,VORNAME,EMAIL,ADR_FK) VALUES (26,'Turner','Lacey','dapibus.gravida.Aliquam@maurisanunc.edu',23);
INSERT INTO "PERSDB"."PUBLIC"."PERSON" (PERS_PK,NAME,VORNAME,EMAIL,ADR_FK) VALUES (27,'Riddle','Dora','nibh.enim@antelectusconvallis.com',14);
INSERT INTO "PERSDB"."PUBLIC"."PERSON" (PERS_PK,NAME,VORNAME,EMAIL,ADR_FK) VALUES (28,'Taylor','Cora','quis.tristique.ac@loremegetmollis.net',19);
INSERT INTO "PERSDB"."PUBLIC"."PERSON" (PERS_PK,NAME,VORNAME,EMAIL,ADR_FK) VALUES (29,'Ayers','Amethyst','semper.dui@Praesent.co.uk',21);
INSERT INTO "PERSDB"."PUBLIC"."PERSON" (PERS_PK,NAME,VORNAME,EMAIL,ADR_FK) VALUES (30,'Hopkins','Hayfa','gravida@nuncQuisqueornare.net',4);
INSERT INTO "PERSDB"."PUBLIC"."PERSON" (PERS_PK,NAME,VORNAME,EMAIL,ADR_FK) VALUES (31,'Daugherty','Briar','purus.Nullam@neque.edu',26);
INSERT INTO "PERSDB"."PUBLIC"."PERSON" (PERS_PK,NAME,VORNAME,EMAIL,ADR_FK) VALUES (32,'Kidd','Isadora','dictum.magna.Ut@luctusaliquetodio.edu',7);
INSERT INTO "PERSDB"."PUBLIC"."PERSON" (PERS_PK,NAME,VORNAME,EMAIL,ADR_FK) VALUES (33,'Melton','Ezra','lectus.sit@etmagnaPraesent.net',7);
INSERT INTO "PERSDB"."PUBLIC"."PERSON" (PERS_PK,NAME,VORNAME,EMAIL,ADR_FK) VALUES (34,'Sexton','Maile','rhoncus@sodales.org',10);
INSERT INTO "PERSDB"."PUBLIC"."PERSON" (PERS_PK,NAME,VORNAME,EMAIL,ADR_FK) VALUES (35,'Spencer','Colby','lobortis.tellus@acliberonec.ca',25);
INSERT INTO "PERSDB"."PUBLIC"."PERSON" (PERS_PK,NAME,VORNAME,EMAIL,ADR_FK) VALUES (36,'Justice','Jamalia','amet.ultricies.sem@porttitor.edu',15);
INSERT INTO "PERSDB"."PUBLIC"."PERSON" (PERS_PK,NAME,VORNAME,EMAIL,ADR_FK) VALUES (37,'Carrillo','Christen','hendrerit@nislarcuiaculis.com',14);
INSERT INTO "PERSDB"."PUBLIC"."PERSON" (PERS_PK,NAME,VORNAME,EMAIL,ADR_FK) VALUES (38,'Gibson','Ahmed','primis.in@aliquamarcu.com',20);
INSERT INTO "PERSDB"."PUBLIC"."PERSON" (PERS_PK,NAME,VORNAME,EMAIL,ADR_FK) VALUES (39,'Soto','Wang','molestie.sodales.Mauris@massalobortis.net',9);
INSERT INTO "PERSDB"."PUBLIC"."PERSON" (PERS_PK,NAME,VORNAME,EMAIL,ADR_FK) VALUES (40,'Benton','Micah','id.blandit.at@aauctor.edu',3);
INSERT INTO "PERSDB"."PUBLIC"."PERSON" (PERS_PK,NAME,VORNAME,EMAIL,ADR_FK) VALUES (41,'Whitfield','Meghan','leo@Namnulla.org',14);
INSERT INTO "PERSDB"."PUBLIC"."PERSON" (PERS_PK,NAME,VORNAME,EMAIL,ADR_FK) VALUES (42,'Erickson','Ashely','urna@imperdieterat.com',1);
INSERT INTO "PERSDB"."PUBLIC"."PERSON" (PERS_PK,NAME,VORNAME,EMAIL,ADR_FK) VALUES (43,'Burch','Alice','varius.et@euodioPhasellus.co.uk',12);
INSERT INTO "PERSDB"."PUBLIC"."PERSON" (PERS_PK,NAME,VORNAME,EMAIL,ADR_FK) VALUES (44,'Savage','Felicia','aliquet@eu.com',10);
INSERT INTO "PERSDB"."PUBLIC"."PERSON" (PERS_PK,NAME,VORNAME,EMAIL,ADR_FK) VALUES (45,'Craft','Hu','auctor.vitae.aliquet@euismodet.com',27);
INSERT INTO "PERSDB"."PUBLIC"."PERSON" (PERS_PK,NAME,VORNAME,EMAIL,ADR_FK) VALUES (46,'Huff','Kyra','pretium.et@dapibusgravidaAliquam.ca',6);
INSERT INTO "PERSDB"."PUBLIC"."PERSON" (PERS_PK,NAME,VORNAME,EMAIL,ADR_FK) VALUES (47,'Carr','Gage','semper@convalliserat.org',17);
INSERT INTO "PERSDB"."PUBLIC"."PERSON" (PERS_PK,NAME,VORNAME,EMAIL,ADR_FK) VALUES (48,'Deleon','Rooney','molestie.arcu.Sed@NulladignissimMaecenas.net',22);
INSERT INTO "PERSDB"."PUBLIC"."PERSON" (PERS_PK,NAME,VORNAME,EMAIL,ADR_FK) VALUES (49,'Gregory','Scott','nec.ante.blandit@Sedeu.net',30);
INSERT INTO "PERSDB"."PUBLIC"."PERSON" (PERS_PK,NAME,VORNAME,EMAIL,ADR_FK) VALUES (50,'Whitehead','Colby','lobortis.nisi@accumsan.co.uk',9);
INSERT INTO "PERSDB"."PUBLIC"."PERSON" (PERS_PK,NAME,VORNAME,EMAIL,ADR_FK) VALUES (51,'Potter','Minerva','Integer@acmieleifend.org',14);
INSERT INTO "PERSDB"."PUBLIC"."PERSON" (PERS_PK,NAME,VORNAME,EMAIL,ADR_FK) VALUES (52,'Mcintyre','Kenneth','auctor.non.feugiat@laoreetipsumCurabitur.net',1);
INSERT INTO "PERSDB"."PUBLIC"."PERSON" (PERS_PK,NAME,VORNAME,EMAIL,ADR_FK) VALUES (53,'Mcintyre','Alyssa','amet.ante@scelerisqueneque.ca',17);
INSERT INTO "PERSDB"."PUBLIC"."PERSON" (PERS_PK,NAME,VORNAME,EMAIL,ADR_FK) VALUES (54,'Yang','Lamar','amet.lorem.semper@tristique.net',4);
INSERT INTO "PERSDB"."PUBLIC"."PERSON" (PERS_PK,NAME,VORNAME,EMAIL,ADR_FK) VALUES (55,'Hardy','Hilda','pede.sagittis.augue@adipiscingelitAliquam.net',28);
INSERT INTO "PERSDB"."PUBLIC"."PERSON" (PERS_PK,NAME,VORNAME,EMAIL,ADR_FK) VALUES (56,'Tyler','Harding','Vivamus.non.lorem@quam.co.uk',6);
INSERT INTO "PERSDB"."PUBLIC"."PERSON" (PERS_PK,NAME,VORNAME,EMAIL,ADR_FK) VALUES (57,'Frank','Yetta','quis@ut.com',12);
INSERT INTO "PERSDB"."PUBLIC"."PERSON" (PERS_PK,NAME,VORNAME,EMAIL,ADR_FK) VALUES (58,'Mcdonald','Skyler','Cras@sodalespurusin.edu',20);
INSERT INTO "PERSDB"."PUBLIC"."PERSON" (PERS_PK,NAME,VORNAME,EMAIL,ADR_FK) VALUES (59,'Cleveland','Remedios','Cum@accumsan.co.uk',17);
INSERT INTO "PERSDB"."PUBLIC"."PERSON" (PERS_PK,NAME,VORNAME,EMAIL,ADR_FK) VALUES (60,'Parker','Kyle','arcu@incursuset.ca',13);
INSERT INTO "PERSDB"."PUBLIC"."PERSON" (PERS_PK,NAME,VORNAME,EMAIL,ADR_FK) VALUES (61,'Oneill','Otto','ac.orci.Ut@magnaPraesent.edu',14);
INSERT INTO "PERSDB"."PUBLIC"."PERSON" (PERS_PK,NAME,VORNAME,EMAIL,ADR_FK) VALUES (62,'Cleveland','Duncan','feugiat@ut.net',26);
INSERT INTO "PERSDB"."PUBLIC"."PERSON" (PERS_PK,NAME,VORNAME,EMAIL,ADR_FK) VALUES (63,'Gentry','Rooney','eu.ligula.Aenean@lectusNullamsuscipit.net',29);
INSERT INTO "PERSDB"."PUBLIC"."PERSON" (PERS_PK,NAME,VORNAME,EMAIL,ADR_FK) VALUES (64,'Hahn','Harriet','volutpat.ornare@iaculislacus.net',5);
INSERT INTO "PERSDB"."PUBLIC"."PERSON" (PERS_PK,NAME,VORNAME,EMAIL,ADR_FK) VALUES (65,'Wolfe','Hilel','placerat@lobortisquama.net',3);
INSERT INTO "PERSDB"."PUBLIC"."PERSON" (PERS_PK,NAME,VORNAME,EMAIL,ADR_FK) VALUES (66,'Levy','Phoebe','Nunc.lectus@vellectus.edu',10);
INSERT INTO "PERSDB"."PUBLIC"."PERSON" (PERS_PK,NAME,VORNAME,EMAIL,ADR_FK) VALUES (67,'Maddox','Tad','arcu@tristiqueac.org',19);
INSERT INTO "PERSDB"."PUBLIC"."PERSON" (PERS_PK,NAME,VORNAME,EMAIL,ADR_FK) VALUES (68,'Bartlett','Colin','tempus.scelerisque.lorem@quamdignissim.ca',20);
INSERT INTO "PERSDB"."PUBLIC"."PERSON" (PERS_PK,NAME,VORNAME,EMAIL,ADR_FK) VALUES (69,'Sweet','Garth','sed.consequat@Vestibulumanteipsum.com',8);
INSERT INTO "PERSDB"."PUBLIC"."PERSON" (PERS_PK,NAME,VORNAME,EMAIL,ADR_FK) VALUES (70,'Hogan','Rana','Proin.sed.turpis@Nullaegetmetus.ca',5);
INSERT INTO "PERSDB"."PUBLIC"."PERSON" (PERS_PK,NAME,VORNAME,EMAIL,ADR_FK) VALUES (71,'Rodriquez','Chelsea','cursus.a@vitaesemperegestas.ca',14);
INSERT INTO "PERSDB"."PUBLIC"."PERSON" (PERS_PK,NAME,VORNAME,EMAIL,ADR_FK) VALUES (72,'Espinoza','Urielle','eget.metus.eu@Etiam.com',3);
INSERT INTO "PERSDB"."PUBLIC"."PERSON" (PERS_PK,NAME,VORNAME,EMAIL,ADR_FK) VALUES (73,'Powell','Rosalyn','eros.nec@Nulla.net',6);
INSERT INTO "PERSDB"."PUBLIC"."PERSON" (PERS_PK,NAME,VORNAME,EMAIL,ADR_FK) VALUES (74,'Mccarty','Hyacinth','Praesent@enim.edu',5);
INSERT INTO "PERSDB"."PUBLIC"."PERSON" (PERS_PK,NAME,VORNAME,EMAIL,ADR_FK) VALUES (75,'Mendez','Debra','magna.et@adipiscingMaurismolestie.net',17);
INSERT INTO "PERSDB"."PUBLIC"."PERSON" (PERS_PK,NAME,VORNAME,EMAIL,ADR_FK) VALUES (76,'Larson','Naida','purus@vitae.net',16);
INSERT INTO "PERSDB"."PUBLIC"."PERSON" (PERS_PK,NAME,VORNAME,EMAIL,ADR_FK) VALUES (77,'Mccall','Colby','mi.fringilla@Fuscemollis.ca',7);
INSERT INTO "PERSDB"."PUBLIC"."PERSON" (PERS_PK,NAME,VORNAME,EMAIL,ADR_FK) VALUES (78,'Serrano','Cyrus','nulla.vulputate.dui@aenim.com',18);
INSERT INTO "PERSDB"."PUBLIC"."PERSON" (PERS_PK,NAME,VORNAME,EMAIL,ADR_FK) VALUES (79,'Blankenship','Stacey','nec.metus.facilisis@eusem.net',14);
INSERT INTO "PERSDB"."PUBLIC"."PERSON" (PERS_PK,NAME,VORNAME,EMAIL,ADR_FK) VALUES (80,'Merritt','Isaiah','diam.Proin@velit.com',1);
INSERT INTO "PERSDB"."PUBLIC"."PERSON" (PERS_PK,NAME,VORNAME,EMAIL,ADR_FK) VALUES (81,'Barber','Hilary','elit@tincidunt.net',1);
INSERT INTO "PERSDB"."PUBLIC"."PERSON" (PERS_PK,NAME,VORNAME,EMAIL,ADR_FK) VALUES (82,'Gamble','Curran','amet.lorem.semper@molestieintempus.org',19);
INSERT INTO "PERSDB"."PUBLIC"."PERSON" (PERS_PK,NAME,VORNAME,EMAIL,ADR_FK) VALUES (83,'Meyers','Brenden','id.libero.Donec@ante.edu',26);
INSERT INTO "PERSDB"."PUBLIC"."PERSON" (PERS_PK,NAME,VORNAME,EMAIL,ADR_FK) VALUES (84,'Houston','Gray','In.faucibus.Morbi@velvulputateeu.net',27);
INSERT INTO "PERSDB"."PUBLIC"."PERSON" (PERS_PK,NAME,VORNAME,EMAIL,ADR_FK) VALUES (85,'Smith','Jamalia','vitae.nibh.Donec@vestibulumneque.com',27);
INSERT INTO "PERSDB"."PUBLIC"."PERSON" (PERS_PK,NAME,VORNAME,EMAIL,ADR_FK) VALUES (86,'Salas','Abra','ligula.Nullam@eleifendnecmalesuada.net',1);
INSERT INTO "PERSDB"."PUBLIC"."PERSON" (PERS_PK,NAME,VORNAME,EMAIL,ADR_FK) VALUES (87,'Hebert','Colin','convallis.erat@lacusEtiam.org',18);
INSERT INTO "PERSDB"."PUBLIC"."PERSON" (PERS_PK,NAME,VORNAME,EMAIL,ADR_FK) VALUES (88,'Rojas','Fredericka','risus@orci.net',4);
INSERT INTO "PERSDB"."PUBLIC"."PERSON" (PERS_PK,NAME,VORNAME,EMAIL,ADR_FK) VALUES (89,'Hayden','Hilary','orci@non.co.uk',25);
INSERT INTO "PERSDB"."PUBLIC"."PERSON" (PERS_PK,NAME,VORNAME,EMAIL,ADR_FK) VALUES (90,'Durham','Brenden','varius.ultrices@maurisrhoncus.edu',29);
INSERT INTO "PERSDB"."PUBLIC"."PERSON" (PERS_PK,NAME,VORNAME,EMAIL,ADR_FK) VALUES (91,'Odonnell','Prescott','consequat.purus@estmollis.co.uk',13);
INSERT INTO "PERSDB"."PUBLIC"."PERSON" (PERS_PK,NAME,VORNAME,EMAIL,ADR_FK) VALUES (92,'Craig','Armand','montes.nascetur.ridiculus@idanteNunc.edu',15);
INSERT INTO "PERSDB"."PUBLIC"."PERSON" (PERS_PK,NAME,VORNAME,EMAIL,ADR_FK) VALUES (93,'Aguilar','Hilel','auctor@magnased.net',26);
INSERT INTO "PERSDB"."PUBLIC"."PERSON" (PERS_PK,NAME,VORNAME,EMAIL,ADR_FK) VALUES (94,'Collins','John','posuere@velsapienimperdiet.net',21);
INSERT INTO "PERSDB"."PUBLIC"."PERSON" (PERS_PK,NAME,VORNAME,EMAIL,ADR_FK) VALUES (95,'Hyde','Jelani','sed.pede@risusQuisque.ca',7);
INSERT INTO "PERSDB"."PUBLIC"."PERSON" (PERS_PK,NAME,VORNAME,EMAIL,ADR_FK) VALUES (96,'Tyler','Herman','egestas.a.dui@afeugiattellus.edu',24);
INSERT INTO "PERSDB"."PUBLIC"."PERSON" (PERS_PK,NAME,VORNAME,EMAIL,ADR_FK) VALUES (97,'Hendrix','Frances','Vestibulum.ut.eros@vitaeeratVivamus.ca',15);
INSERT INTO "PERSDB"."PUBLIC"."PERSON" (PERS_PK,NAME,VORNAME,EMAIL,ADR_FK) VALUES (98,'Hanson','Zorita','in.faucibus@ante.net',20);
INSERT INTO "PERSDB"."PUBLIC"."PERSON" (PERS_PK,NAME,VORNAME,EMAIL,ADR_FK) VALUES (99,'Howard','Bell','arcu@luctusaliquet.ca',4);
INSERT INTO "PERSDB"."PUBLIC"."PERSON" (PERS_PK,NAME,VORNAME,EMAIL,ADR_FK) VALUES (100,'Thompson','Kim','Cras.dolor.dolor@volutpatnunc.edu',13);
INSERT INTO "PERSDB"."PUBLIC"."PERSON_ITEM" (ITEM_FK,PERS_FK) VALUES (51,1);
INSERT INTO "PERSDB"."PUBLIC"."PERSON_ITEM" (ITEM_FK,PERS_FK) VALUES (42,2);
INSERT INTO "PERSDB"."PUBLIC"."PERSON_ITEM" (ITEM_FK,PERS_FK) VALUES (31,3);
INSERT INTO "PERSDB"."PUBLIC"."PERSON_ITEM" (ITEM_FK,PERS_FK) VALUES (40,4);
INSERT INTO "PERSDB"."PUBLIC"."PERSON_ITEM" (ITEM_FK,PERS_FK) VALUES (87,5);
INSERT INTO "PERSDB"."PUBLIC"."PERSON_ITEM" (ITEM_FK,PERS_FK) VALUES (57,6);
INSERT INTO "PERSDB"."PUBLIC"."PERSON_ITEM" (ITEM_FK,PERS_FK) VALUES (57,7);
INSERT INTO "PERSDB"."PUBLIC"."PERSON_ITEM" (ITEM_FK,PERS_FK) VALUES (99,8);
INSERT INTO "PERSDB"."PUBLIC"."PERSON_ITEM" (ITEM_FK,PERS_FK) VALUES (57,9);
INSERT INTO "PERSDB"."PUBLIC"."PERSON_ITEM" (ITEM_FK,PERS_FK) VALUES (36,10);
INSERT INTO "PERSDB"."PUBLIC"."PERSON_ITEM" (ITEM_FK,PERS_FK) VALUES (33,11);
INSERT INTO "PERSDB"."PUBLIC"."PERSON_ITEM" (ITEM_FK,PERS_FK) VALUES (94,12);
INSERT INTO "PERSDB"."PUBLIC"."PERSON_ITEM" (ITEM_FK,PERS_FK) VALUES (36,13);
INSERT INTO "PERSDB"."PUBLIC"."PERSON_ITEM" (ITEM_FK,PERS_FK) VALUES (66,14);
INSERT INTO "PERSDB"."PUBLIC"."PERSON_ITEM" (ITEM_FK,PERS_FK) VALUES (26,15);
INSERT INTO "PERSDB"."PUBLIC"."PERSON_ITEM" (ITEM_FK,PERS_FK) VALUES (19,16);
INSERT INTO "PERSDB"."PUBLIC"."PERSON_ITEM" (ITEM_FK,PERS_FK) VALUES (34,17);
INSERT INTO "PERSDB"."PUBLIC"."PERSON_ITEM" (ITEM_FK,PERS_FK) VALUES (56,18);
INSERT INTO "PERSDB"."PUBLIC"."PERSON_ITEM" (ITEM_FK,PERS_FK) VALUES (45,19);
INSERT INTO "PERSDB"."PUBLIC"."PERSON_ITEM" (ITEM_FK,PERS_FK) VALUES (77,20);
INSERT INTO "PERSDB"."PUBLIC"."PERSON_ITEM" (ITEM_FK,PERS_FK) VALUES (13,21);
INSERT INTO "PERSDB"."PUBLIC"."PERSON_ITEM" (ITEM_FK,PERS_FK) VALUES (67,22);
INSERT INTO "PERSDB"."PUBLIC"."PERSON_ITEM" (ITEM_FK,PERS_FK) VALUES (50,23);
INSERT INTO "PERSDB"."PUBLIC"."PERSON_ITEM" (ITEM_FK,PERS_FK) VALUES (63,24);
INSERT INTO "PERSDB"."PUBLIC"."PERSON_ITEM" (ITEM_FK,PERS_FK) VALUES (95,25);
INSERT INTO "PERSDB"."PUBLIC"."PERSON_ITEM" (ITEM_FK,PERS_FK) VALUES (20,26);
INSERT INTO "PERSDB"."PUBLIC"."PERSON_ITEM" (ITEM_FK,PERS_FK) VALUES (94,27);
INSERT INTO "PERSDB"."PUBLIC"."PERSON_ITEM" (ITEM_FK,PERS_FK) VALUES (73,28);
INSERT INTO "PERSDB"."PUBLIC"."PERSON_ITEM" (ITEM_FK,PERS_FK) VALUES (68,29);
INSERT INTO "PERSDB"."PUBLIC"."PERSON_ITEM" (ITEM_FK,PERS_FK) VALUES (40,30);
INSERT INTO "PERSDB"."PUBLIC"."PERSON_ITEM" (ITEM_FK,PERS_FK) VALUES (90,31);
INSERT INTO "PERSDB"."PUBLIC"."PERSON_ITEM" (ITEM_FK,PERS_FK) VALUES (50,32);
INSERT INTO "PERSDB"."PUBLIC"."PERSON_ITEM" (ITEM_FK,PERS_FK) VALUES (21,33);
INSERT INTO "PERSDB"."PUBLIC"."PERSON_ITEM" (ITEM_FK,PERS_FK) VALUES (40,34);
INSERT INTO "PERSDB"."PUBLIC"."PERSON_ITEM" (ITEM_FK,PERS_FK) VALUES (42,35);
INSERT INTO "PERSDB"."PUBLIC"."PERSON_ITEM" (ITEM_FK,PERS_FK) VALUES (91,36);
INSERT INTO "PERSDB"."PUBLIC"."PERSON_ITEM" (ITEM_FK,PERS_FK) VALUES (73,37);
INSERT INTO "PERSDB"."PUBLIC"."PERSON_ITEM" (ITEM_FK,PERS_FK) VALUES (39,38);
INSERT INTO "PERSDB"."PUBLIC"."PERSON_ITEM" (ITEM_FK,PERS_FK) VALUES (100,39);
INSERT INTO "PERSDB"."PUBLIC"."PERSON_ITEM" (ITEM_FK,PERS_FK) VALUES (2,40);
INSERT INTO "PERSDB"."PUBLIC"."PERSON_ITEM" (ITEM_FK,PERS_FK) VALUES (31,41);
INSERT INTO "PERSDB"."PUBLIC"."PERSON_ITEM" (ITEM_FK,PERS_FK) VALUES (67,42);
INSERT INTO "PERSDB"."PUBLIC"."PERSON_ITEM" (ITEM_FK,PERS_FK) VALUES (75,43);
INSERT INTO "PERSDB"."PUBLIC"."PERSON_ITEM" (ITEM_FK,PERS_FK) VALUES (84,44);
INSERT INTO "PERSDB"."PUBLIC"."PERSON_ITEM" (ITEM_FK,PERS_FK) VALUES (91,45);
INSERT INTO "PERSDB"."PUBLIC"."PERSON_ITEM" (ITEM_FK,PERS_FK) VALUES (59,46);
INSERT INTO "PERSDB"."PUBLIC"."PERSON_ITEM" (ITEM_FK,PERS_FK) VALUES (68,47);
INSERT INTO "PERSDB"."PUBLIC"."PERSON_ITEM" (ITEM_FK,PERS_FK) VALUES (17,48);
INSERT INTO "PERSDB"."PUBLIC"."PERSON_ITEM" (ITEM_FK,PERS_FK) VALUES (53,49);
INSERT INTO "PERSDB"."PUBLIC"."PERSON_ITEM" (ITEM_FK,PERS_FK) VALUES (64,50);
INSERT INTO "PERSDB"."PUBLIC"."PERSON_ITEM" (ITEM_FK,PERS_FK) VALUES (58,51);
INSERT INTO "PERSDB"."PUBLIC"."PERSON_ITEM" (ITEM_FK,PERS_FK) VALUES (85,52);
INSERT INTO "PERSDB"."PUBLIC"."PERSON_ITEM" (ITEM_FK,PERS_FK) VALUES (96,53);
INSERT INTO "PERSDB"."PUBLIC"."PERSON_ITEM" (ITEM_FK,PERS_FK) VALUES (27,54);
INSERT INTO "PERSDB"."PUBLIC"."PERSON_ITEM" (ITEM_FK,PERS_FK) VALUES (83,55);
INSERT INTO "PERSDB"."PUBLIC"."PERSON_ITEM" (ITEM_FK,PERS_FK) VALUES (82,56);
INSERT INTO "PERSDB"."PUBLIC"."PERSON_ITEM" (ITEM_FK,PERS_FK) VALUES (54,57);
INSERT INTO "PERSDB"."PUBLIC"."PERSON_ITEM" (ITEM_FK,PERS_FK) VALUES (1,58);
INSERT INTO "PERSDB"."PUBLIC"."PERSON_ITEM" (ITEM_FK,PERS_FK) VALUES (6,59);
INSERT INTO "PERSDB"."PUBLIC"."PERSON_ITEM" (ITEM_FK,PERS_FK) VALUES (58,60);
INSERT INTO "PERSDB"."PUBLIC"."PERSON_ITEM" (ITEM_FK,PERS_FK) VALUES (50,61);
INSERT INTO "PERSDB"."PUBLIC"."PERSON_ITEM" (ITEM_FK,PERS_FK) VALUES (71,62);
INSERT INTO "PERSDB"."PUBLIC"."PERSON_ITEM" (ITEM_FK,PERS_FK) VALUES (58,63);
INSERT INTO "PERSDB"."PUBLIC"."PERSON_ITEM" (ITEM_FK,PERS_FK) VALUES (60,64);
INSERT INTO "PERSDB"."PUBLIC"."PERSON_ITEM" (ITEM_FK,PERS_FK) VALUES (69,65);
INSERT INTO "PERSDB"."PUBLIC"."PERSON_ITEM" (ITEM_FK,PERS_FK) VALUES (33,66);
INSERT INTO "PERSDB"."PUBLIC"."PERSON_ITEM" (ITEM_FK,PERS_FK) VALUES (10,67);
INSERT INTO "PERSDB"."PUBLIC"."PERSON_ITEM" (ITEM_FK,PERS_FK) VALUES (27,68);
INSERT INTO "PERSDB"."PUBLIC"."PERSON_ITEM" (ITEM_FK,PERS_FK) VALUES (42,69);
INSERT INTO "PERSDB"."PUBLIC"."PERSON_ITEM" (ITEM_FK,PERS_FK) VALUES (9,70);
INSERT INTO "PERSDB"."PUBLIC"."PERSON_ITEM" (ITEM_FK,PERS_FK) VALUES (37,71);
INSERT INTO "PERSDB"."PUBLIC"."PERSON_ITEM" (ITEM_FK,PERS_FK) VALUES (15,72);
INSERT INTO "PERSDB"."PUBLIC"."PERSON_ITEM" (ITEM_FK,PERS_FK) VALUES (24,73);
INSERT INTO "PERSDB"."PUBLIC"."PERSON_ITEM" (ITEM_FK,PERS_FK) VALUES (65,74);
INSERT INTO "PERSDB"."PUBLIC"."PERSON_ITEM" (ITEM_FK,PERS_FK) VALUES (40,75);
INSERT INTO "PERSDB"."PUBLIC"."PERSON_ITEM" (ITEM_FK,PERS_FK) VALUES (48,76);
INSERT INTO "PERSDB"."PUBLIC"."PERSON_ITEM" (ITEM_FK,PERS_FK) VALUES (43,77);
INSERT INTO "PERSDB"."PUBLIC"."PERSON_ITEM" (ITEM_FK,PERS_FK) VALUES (82,78);
INSERT INTO "PERSDB"."PUBLIC"."PERSON_ITEM" (ITEM_FK,PERS_FK) VALUES (61,79);
INSERT INTO "PERSDB"."PUBLIC"."PERSON_ITEM" (ITEM_FK,PERS_FK) VALUES (60,80);
INSERT INTO "PERSDB"."PUBLIC"."PERSON_ITEM" (ITEM_FK,PERS_FK) VALUES (61,81);
INSERT INTO "PERSDB"."PUBLIC"."PERSON_ITEM" (ITEM_FK,PERS_FK) VALUES (36,82);
INSERT INTO "PERSDB"."PUBLIC"."PERSON_ITEM" (ITEM_FK,PERS_FK) VALUES (80,83);
INSERT INTO "PERSDB"."PUBLIC"."PERSON_ITEM" (ITEM_FK,PERS_FK) VALUES (98,84);
INSERT INTO "PERSDB"."PUBLIC"."PERSON_ITEM" (ITEM_FK,PERS_FK) VALUES (7,85);
INSERT INTO "PERSDB"."PUBLIC"."PERSON_ITEM" (ITEM_FK,PERS_FK) VALUES (2,86);
INSERT INTO "PERSDB"."PUBLIC"."PERSON_ITEM" (ITEM_FK,PERS_FK) VALUES (62,87);
INSERT INTO "PERSDB"."PUBLIC"."PERSON_ITEM" (ITEM_FK,PERS_FK) VALUES (14,88);
INSERT INTO "PERSDB"."PUBLIC"."PERSON_ITEM" (ITEM_FK,PERS_FK) VALUES (20,89);
INSERT INTO "PERSDB"."PUBLIC"."PERSON_ITEM" (ITEM_FK,PERS_FK) VALUES (90,90);
INSERT INTO "PERSDB"."PUBLIC"."PERSON_ITEM" (ITEM_FK,PERS_FK) VALUES (51,91);
INSERT INTO "PERSDB"."PUBLIC"."PERSON_ITEM" (ITEM_FK,PERS_FK) VALUES (67,92);
INSERT INTO "PERSDB"."PUBLIC"."PERSON_ITEM" (ITEM_FK,PERS_FK) VALUES (19,93);
INSERT INTO "PERSDB"."PUBLIC"."PERSON_ITEM" (ITEM_FK,PERS_FK) VALUES (93,94);
INSERT INTO "PERSDB"."PUBLIC"."PERSON_ITEM" (ITEM_FK,PERS_FK) VALUES (28,95);
INSERT INTO "PERSDB"."PUBLIC"."PERSON_ITEM" (ITEM_FK,PERS_FK) VALUES (16,96);
INSERT INTO "PERSDB"."PUBLIC"."PERSON_ITEM" (ITEM_FK,PERS_FK) VALUES (78,97);
INSERT INTO "PERSDB"."PUBLIC"."PERSON_ITEM" (ITEM_FK,PERS_FK) VALUES (8,98);
INSERT INTO "PERSDB"."PUBLIC"."PERSON_ITEM" (ITEM_FK,PERS_FK) VALUES (39,99);
INSERT INTO "PERSDB"."PUBLIC"."PERSON_ITEM" (ITEM_FK,PERS_FK) VALUES (28,100);
INSERT INTO "PERSDB"."PUBLIC"."PERSON_ITEM" (ITEM_FK,PERS_FK) VALUES (97,31);
INSERT INTO "PERSDB"."PUBLIC"."PERSON_ITEM" (ITEM_FK,PERS_FK) VALUES (24,12);
INSERT INTO "PERSDB"."PUBLIC"."PERSON_ITEM" (ITEM_FK,PERS_FK) VALUES (9,41);
INSERT INTO "PERSDB"."PUBLIC"."PERSON_ITEM" (ITEM_FK,PERS_FK) VALUES (44,58);
INSERT INTO "PERSDB"."PUBLIC"."PERSON_ITEM" (ITEM_FK,PERS_FK) VALUES (23,64);
INSERT INTO "PERSDB"."PUBLIC"."PERSON_ITEM" (ITEM_FK,PERS_FK) VALUES (82,47);
INSERT INTO "PERSDB"."PUBLIC"."PERSON_ITEM" (ITEM_FK,PERS_FK) VALUES (4,1);
INSERT INTO "PERSDB"."PUBLIC"."PERSON_ITEM" (ITEM_FK,PERS_FK) VALUES (89,25);
INSERT INTO "PERSDB"."PUBLIC"."PERSON_ITEM" (ITEM_FK,PERS_FK) VALUES (74,19);
INSERT INTO "PERSDB"."PUBLIC"."PERSON_ITEM" (ITEM_FK,PERS_FK) VALUES (85,40);
INSERT INTO "PERSDB"."PUBLIC"."PERSON_ITEM" (ITEM_FK,PERS_FK) VALUES (22,29);
INSERT INTO "PERSDB"."PUBLIC"."PERSON_ITEM" (ITEM_FK,PERS_FK) VALUES (7,81);
INSERT INTO "PERSDB"."PUBLIC"."PERSON_ITEM" (ITEM_FK,PERS_FK) VALUES (44,80);
INSERT INTO "PERSDB"."PUBLIC"."PERSON_ITEM" (ITEM_FK,PERS_FK) VALUES (26,23);
INSERT INTO "PERSDB"."PUBLIC"."PERSON_ITEM" (ITEM_FK,PERS_FK) VALUES (23,7);
INSERT INTO "PERSDB"."PUBLIC"."PERSON_ITEM" (ITEM_FK,PERS_FK) VALUES (98,46);
INSERT INTO "PERSDB"."PUBLIC"."PERSON_ITEM" (ITEM_FK,PERS_FK) VALUES (24,9);
INSERT INTO "PERSDB"."PUBLIC"."PERSON_ITEM" (ITEM_FK,PERS_FK) VALUES (92,81);
INSERT INTO "PERSDB"."PUBLIC"."PERSON_ITEM" (ITEM_FK,PERS_FK) VALUES (18,48);
INSERT INTO "PERSDB"."PUBLIC"."PERSON_ITEM" (ITEM_FK,PERS_FK) VALUES (35,40);
INSERT INTO "PERSDB"."PUBLIC"."PERSON_ITEM" (ITEM_FK,PERS_FK) VALUES (44,11);
INSERT INTO "PERSDB"."PUBLIC"."PERSON_ITEM" (ITEM_FK,PERS_FK) VALUES (70,28);
INSERT INTO "PERSDB"."PUBLIC"."PERSON_ITEM" (ITEM_FK,PERS_FK) VALUES (51,12);
INSERT INTO "PERSDB"."PUBLIC"."PERSON_ITEM" (ITEM_FK,PERS_FK) VALUES (45,40);
INSERT INTO "PERSDB"."PUBLIC"."PERSON_ITEM" (ITEM_FK,PERS_FK) VALUES (70,59);
INSERT INTO "PERSDB"."PUBLIC"."PERSON_ITEM" (ITEM_FK,PERS_FK) VALUES (67,94);
INSERT INTO "PERSDB"."PUBLIC"."PERSON_ITEM" (ITEM_FK,PERS_FK) VALUES (99,19);
INSERT INTO "PERSDB"."PUBLIC"."PERSON_ITEM" (ITEM_FK,PERS_FK) VALUES (85,10);
INSERT INTO "PERSDB"."PUBLIC"."PERSON_ITEM" (ITEM_FK,PERS_FK) VALUES (65,23);
INSERT INTO "PERSDB"."PUBLIC"."PERSON_ITEM" (ITEM_FK,PERS_FK) VALUES (89,48);
INSERT INTO "PERSDB"."PUBLIC"."PERSON_ITEM" (ITEM_FK,PERS_FK) VALUES (87,35);
INSERT INTO "PERSDB"."PUBLIC"."PERSON_ITEM" (ITEM_FK,PERS_FK) VALUES (56,17);
INSERT INTO "PERSDB"."PUBLIC"."PERSON_ITEM" (ITEM_FK,PERS_FK) VALUES (60,66);
INSERT INTO "PERSDB"."PUBLIC"."PERSON_ITEM" (ITEM_FK,PERS_FK) VALUES (51,66);
INSERT INTO "PERSDB"."PUBLIC"."PERSON_ITEM" (ITEM_FK,PERS_FK) VALUES (34,55);
INSERT INTO "PERSDB"."PUBLIC"."PERSON_ITEM" (ITEM_FK,PERS_FK) VALUES (80,83);
INSERT INTO "PERSDB"."PUBLIC"."PERSON_ITEM" (ITEM_FK,PERS_FK) VALUES (78,31);
INSERT INTO "PERSDB"."PUBLIC"."PERSON_ITEM" (ITEM_FK,PERS_FK) VALUES (18,54);
INSERT INTO "PERSDB"."PUBLIC"."PERSON_ITEM" (ITEM_FK,PERS_FK) VALUES (55,40);
INSERT INTO "PERSDB"."PUBLIC"."PERSON_ITEM" (ITEM_FK,PERS_FK) VALUES (91,60);
INSERT INTO "PERSDB"."PUBLIC"."PERSON_ITEM" (ITEM_FK,PERS_FK) VALUES (57,85);
INSERT INTO "PERSDB"."PUBLIC"."PERSON_ITEM" (ITEM_FK,PERS_FK) VALUES (41,13);
INSERT INTO "PERSDB"."PUBLIC"."PERSON_ITEM" (ITEM_FK,PERS_FK) VALUES (51,4);
INSERT INTO "PERSDB"."PUBLIC"."PERSON_ITEM" (ITEM_FK,PERS_FK) VALUES (96,60);
INSERT INTO "PERSDB"."PUBLIC"."PERSON_ITEM" (ITEM_FK,PERS_FK) VALUES (33,76);
INSERT INTO "PERSDB"."PUBLIC"."PERSON_ITEM" (ITEM_FK,PERS_FK) VALUES (50,89);
INSERT INTO "PERSDB"."PUBLIC"."PERSON_ITEM" (ITEM_FK,PERS_FK) VALUES (55,46);
INSERT INTO "PERSDB"."PUBLIC"."PERSON_ITEM" (ITEM_FK,PERS_FK) VALUES (1,20);
INSERT INTO "PERSDB"."PUBLIC"."PERSON_ITEM" (ITEM_FK,PERS_FK) VALUES (99,71);
INSERT INTO "PERSDB"."PUBLIC"."PERSON_ITEM" (ITEM_FK,PERS_FK) VALUES (50,25);
INSERT INTO "PERSDB"."PUBLIC"."PERSON_ITEM" (ITEM_FK,PERS_FK) VALUES (19,13);
INSERT INTO "PERSDB"."PUBLIC"."PERSON_ITEM" (ITEM_FK,PERS_FK) VALUES (94,33);
INSERT INTO "PERSDB"."PUBLIC"."PERSON_ITEM" (ITEM_FK,PERS_FK) VALUES (2,35);
INSERT INTO "PERSDB"."PUBLIC"."PERSON_ITEM" (ITEM_FK,PERS_FK) VALUES (22,88);
INSERT INTO "PERSDB"."PUBLIC"."PERSON_ITEM" (ITEM_FK,PERS_FK) VALUES (7,50);
INSERT INTO "PERSDB"."PUBLIC"."PERSON_ITEM" (ITEM_FK,PERS_FK) VALUES (76,65);
INSERT INTO "PERSDB"."PUBLIC"."PERSON_ITEM" (ITEM_FK,PERS_FK) VALUES (58,16);
INSERT INTO "PERSDB"."PUBLIC"."PERSON_ITEM" (ITEM_FK,PERS_FK) VALUES (90,85);
INSERT INTO "PERSDB"."PUBLIC"."PERSON_ITEM" (ITEM_FK,PERS_FK) VALUES (17,58);
INSERT INTO "PERSDB"."PUBLIC"."PERSON_ITEM" (ITEM_FK,PERS_FK) VALUES (9,12);
INSERT INTO "PERSDB"."PUBLIC"."PERSON_ITEM" (ITEM_FK,PERS_FK) VALUES (11,43);
INSERT INTO "PERSDB"."PUBLIC"."PERSON_ITEM" (ITEM_FK,PERS_FK) VALUES (85,67);
INSERT INTO "PERSDB"."PUBLIC"."PERSON_ITEM" (ITEM_FK,PERS_FK) VALUES (7,21);
INSERT INTO "PERSDB"."PUBLIC"."PERSON_ITEM" (ITEM_FK,PERS_FK) VALUES (76,7);
INSERT INTO "PERSDB"."PUBLIC"."PERSON_ITEM" (ITEM_FK,PERS_FK) VALUES (65,60);
INSERT INTO "PERSDB"."PUBLIC"."PERSON_ITEM" (ITEM_FK,PERS_FK) VALUES (97,76);
INSERT INTO "PERSDB"."PUBLIC"."PERSON_ITEM" (ITEM_FK,PERS_FK) VALUES (58,9);
INSERT INTO "PERSDB"."PUBLIC"."PERSON_ITEM" (ITEM_FK,PERS_FK) VALUES (14,26);
INSERT INTO "PERSDB"."PUBLIC"."PERSON_ITEM" (ITEM_FK,PERS_FK) VALUES (89,38);
INSERT INTO "PERSDB"."PUBLIC"."PERSON_ITEM" (ITEM_FK,PERS_FK) VALUES (47,17);
INSERT INTO "PERSDB"."PUBLIC"."PERSON_ITEM" (ITEM_FK,PERS_FK) VALUES (27,35);
INSERT INTO "PERSDB"."PUBLIC"."PERSON_ITEM" (ITEM_FK,PERS_FK) VALUES (63,72);
INSERT INTO "PERSDB"."PUBLIC"."PERSON_ITEM" (ITEM_FK,PERS_FK) VALUES (75,35);
INSERT INTO "PERSDB"."PUBLIC"."PERSON_ITEM" (ITEM_FK,PERS_FK) VALUES (67,24);
INSERT INTO "PERSDB"."PUBLIC"."PERSON_ITEM" (ITEM_FK,PERS_FK) VALUES (62,25);
INSERT INTO "PERSDB"."PUBLIC"."PERSON_ITEM" (ITEM_FK,PERS_FK) VALUES (34,48);
INSERT INTO "PERSDB"."PUBLIC"."PERSON_ITEM" (ITEM_FK,PERS_FK) VALUES (32,6);
INSERT INTO "PERSDB"."PUBLIC"."PERSON_ITEM" (ITEM_FK,PERS_FK) VALUES (65,46);
INSERT INTO "PERSDB"."PUBLIC"."PERSON_ITEM" (ITEM_FK,PERS_FK) VALUES (53,10);
INSERT INTO "PERSDB"."PUBLIC"."PERSON_ITEM" (ITEM_FK,PERS_FK) VALUES (48,42);
INSERT INTO "PERSDB"."PUBLIC"."PERSON_ITEM" (ITEM_FK,PERS_FK) VALUES (18,52);
INSERT INTO "PERSDB"."PUBLIC"."PERSON_ITEM" (ITEM_FK,PERS_FK) VALUES (28,59);
INSERT INTO "PERSDB"."PUBLIC"."PERSON_ITEM" (ITEM_FK,PERS_FK) VALUES (23,49);
INSERT INTO "PERSDB"."PUBLIC"."PERSON_ITEM" (ITEM_FK,PERS_FK) VALUES (23,3);
INSERT INTO "PERSDB"."PUBLIC"."PERSON_ITEM" (ITEM_FK,PERS_FK) VALUES (85,83);
INSERT INTO "PERSDB"."PUBLIC"."PERSON_ITEM" (ITEM_FK,PERS_FK) VALUES (13,47);
INSERT INTO "PERSDB"."PUBLIC"."PERSON_ITEM" (ITEM_FK,PERS_FK) VALUES (19,70);
INSERT INTO "PERSDB"."PUBLIC"."PERSON_ITEM" (ITEM_FK,PERS_FK) VALUES (24,18);
INSERT INTO "PERSDB"."PUBLIC"."PERSON_ITEM" (ITEM_FK,PERS_FK) VALUES (72,96);
INSERT INTO "PERSDB"."PUBLIC"."PERSON_ITEM" (ITEM_FK,PERS_FK) VALUES (34,92);
INSERT INTO "PERSDB"."PUBLIC"."PERSON_ITEM" (ITEM_FK,PERS_FK) VALUES (82,89);
INSERT INTO "PERSDB"."PUBLIC"."PERSON_ITEM" (ITEM_FK,PERS_FK) VALUES (73,98);
INSERT INTO "PERSDB"."PUBLIC"."PERSON_ITEM" (ITEM_FK,PERS_FK) VALUES (11,63);
INSERT INTO "PERSDB"."PUBLIC"."PERSON_ITEM" (ITEM_FK,PERS_FK) VALUES (56,72);
INSERT INTO "PERSDB"."PUBLIC"."PERSON_ITEM" (ITEM_FK,PERS_FK) VALUES (85,78);
INSERT INTO "PERSDB"."PUBLIC"."PERSON_ITEM" (ITEM_FK,PERS_FK) VALUES (38,32);